{
	"easycom": {
		"^u-(.*)": "uview-ui/components/u-$1/u-$1.vue"
	},
	"pages": [
		// {
		// 	"path": "pages/live/pusher/pusher",
		// 	"style": {}
		// },
		{
			"path": "pages/ad/ad",
			"style": {}
		},
		{
			"path": "pages/login/login",
			"style": {
				"navigationBarTitleText": "",
				"enablePullDownRefresh": false,
				"app-plus": {
					"titleNView": {
						"backgroundColor": "#08d9d6"
					},
					"bounce": "none"
				}
			}

		}, {
			"path": "pages/register/register",
			"style": {
				"navigationBarTitleText": "",
				"enablePullDownRefresh": false,
				"app-plus": {
					"titleNView": {
						"backgroundColor": "#08d9d6"
					},
					"bounce": "none"
				}
			}

		}, {
			"path": "pages/home/home",
			"style": {
				"navigationBarTitleText": "",
				"enablePullDownRefresh": false,
				"navigationStyle": "custom",
				"app-plus": {
					"bounce": "none"
				}
			}

		}, {
			"path": "components/v-player/v-player",
			"style": {
				"navigationBarTitleText": "",
				"enablePullDownRefresh": false,
				"navigationStyle": "custom",
				"app-plus": {
					"bounce": "none"
				}
			}

		}, {
			"path": "components/v-video/v-video",
			"style": {
				"navigationBarTitleText": "",
				"enablePullDownRefresh": false,
				"navigationStyle": "custom",
				"app-plus": {
					"bounce": "none"
				}
			}

		}, {
			"path": "pages/live/live",
			"style": {
				"navigationBarTitleText": "蜻蜓直播",
				"enablePullDownRefresh": false
			}

		}, {
			"path": "pages/my/my",
			"style": {
				"navigationBarTitleText": "",
				"enablePullDownRefresh": false,
				"navigationStyle": "custom"
			}

		}, {
			"path": "pages/live/pusher/pusher",
			"style": {
				"navigationBarTitleText": "",
				"enablePullDownRefresh": false,
				"navigationStyle": "custom",
				"app-plus": {
					"bounce": "none",
					"popGesture": "none"
				}
			}

		}, {
			"path": "pages/live/player/player",
			"style": {
				"navigationBarTitleText": "",
				"enablePullDownRefresh": false,
				"navigationStyle": "custom",
				"app-plus": {
					"bounce": "none"
				}
			}

		}, {
			"path": "pages/upload-video/upload-video",
			"style": {
				"navigationBarTitleText": "发布",
				"enablePullDownRefresh": false,
				"app-plus": {
					"bounce": "none"
				}
			}
		}
	    ,{
            "path" : "pages/my/setting/setting",
            "style" :                                                                                    
            {
                "navigationBarTitleText": "设置",
                "enablePullDownRefresh": false
            }
            
        }
        ,{
            "path" : "pages/live/create/create",
            "style" :                                                                                    
            {
                "navigationBarTitleText": "创建房间",
                "enablePullDownRefresh": false,
				"app-plus": {
					"bounce": "none"
				}
            }
            
        }
        ,{
            "path" : "pages/message/message",
            "style" :                                                                                    
            {
                "navigationBarTitleText": "",
                "enablePullDownRefresh": false,
				"navigationStyle": "custom"
            }
            
        }
        ,{
            "path" : "pages/publish/publish",
            "style" :                                                                                    
            {
                "navigationBarTitleText": "发布",
                "enablePullDownRefresh": false
            }
            
        }
        ,{
            "path" : "pages/message/post/post",
            "style" :                                                                                    
            {
                "navigationBarTitleText": "发布朋友圈",
                "enablePullDownRefresh": false,
				"app-plus": {
					"bounce": "none"
				}
            }
            
        }
        ,{
            "path" : "components/v-tabbar/v-tabbar",
            "style" :                                                                                    
            {
                "navigationBarTitleText": "",
                "enablePullDownRefresh": false
            }
            
        }
        ,{
            "path" : "pages/live/record/record",
            "style" :                                                                                    
            {
                "navigationBarTitleText": "直播历史",
                "enablePullDownRefresh": false,
				"app-plus": {
					"bounce": "none"
				}
            }
            
        }
        ,{
            "path" : "pages/register/agreement/agreement",
            "style" :                                                                                    
            {
                "navigationBarTitleText": "用户协议",
                "enablePullDownRefresh": false
            }
            
        }
        ,{
            "path" : "components/v-slider/v-slider",
            "style" :                                                                                    
            {
                "navigationBarTitleText": "",
                "enablePullDownRefresh": false
            }
            
        }
        ,{
            "path" : "pages/my/fans/fans",
            "style" :                                                                                    
            {
                "navigationBarTitleText": "",
                "enablePullDownRefresh": false
            }
            
        }
        ,{
            "path" : "pages/my/promotion-record/promotion-record",
            "style" :                                                                                    
            {
                "navigationBarTitleText": "推广记录",
                "enablePullDownRefresh": false
            }
            
        }
        ,{
            "path" : "pages/ad/ad",
            "style" :                                                                                    
            {
                "navigationBarTitleText": "",
                "enablePullDownRefresh": false,
				"navigationStyle": "custom",
				"app-plus": {
					"bounce": "none"
				}
            }
            
        }
        ,{
            "path" : "pages/my/video-list/video-list",
            "style" :                                                                                    
            {
                "navigationBarTitleText": "我的视频",
                "enablePullDownRefresh": false
            }
            
        }
        ,{
            "path" : "pages/my/article-list/article-list",
            "style" :                                                                                    
            {
                "navigationBarTitleText": "我的朋友圈",
                "enablePullDownRefresh": false
            }
            
        }
        ,{
            "path" : "pages/my/like-video/like-video",
            "style" :                                                                                    
            {
                "navigationBarTitleText": "我喜欢的",
                "enablePullDownRefresh": false
            }
            
        }
        ,{
            "path" : "pages/my/like/like",
            "style" :                                                                                    
            {
                "navigationBarTitleText": "我喜欢的",
                "enablePullDownRefresh": false
            }
            
        }
        ,{
            "path" : "pages/my/like-message/like-message",
            "style" :                                                                                    
            {
                "navigationBarTitleText": "",
                "enablePullDownRefresh": false,
				"navigationStyle": "custom"
            }
            
        }
        ,{
            "path" : "pages/reply/reply",
            "style" :                                                                                    
            {
                "navigationBarTitleText": "",
                "enablePullDownRefresh": false
            }
            
        }
        ,{
            "path" : "pages/my/play-records/play-records",
            "style" :                                                                                    
            {
                "navigationBarTitleText": "浏览记录",
                "enablePullDownRefresh": false
            }
            
        },
		{
		    "path" : "pages/my/download-records/download-records",
		    "style" :                                                                                    
		    {
		        "navigationBarTitleText": "下载记录",
		        "enablePullDownRefresh": false
		    }
		}
        ,{
            "path" : "pages/my/task/task",
            "style" :                                                                                    
            {
                "navigationBarTitleText": "任务中心",
                "enablePullDownRefresh": false
            }
            
        }
        ,{
            "path" : "pages/my/message/message",
            "style" :                                                                                    
            {
                "navigationBarTitleText": "消息中心",
                "enablePullDownRefresh": false
            }
            
        }
        ,{
            "path" : "pages/test/test",
            "style" :                                                                                    
            {
                "navigationBarTitleText": "",
                "enablePullDownRefresh": false
            }
            
        }
    ],
	"globalStyle": {
		"navigationBarTextStyle": "white",
		"navigationBarTitleText": "蜻蜓S系统",
		"navigationBarBackgroundColor": "#0E1727",
		"backgroundColor": "#252a34"
	},
	"tabBar": {
	    "color": "#FFFFFF",
	    "selectedColor": "#08d9d6",
	    "borderStyle": "black",
	    "backgroundColor": "#000000",
		"fontSize": "16",
	    "list": [{
	        "pagePath": "pages/home/home",
	        "text": "首页"
	    }, {
	        "pagePath": "pages/live/live",
	        "text": "直播"
	    },  {
	        "pagePath": "pages/upload-video/upload-video",
			"text": "发布"
	    },  {
	        "pagePath": "pages/message/message",
	        "text": "朋友圈"
	    },  {
	        "pagePath": "pages/my/my",
	        "text": "我的"
	    }]
	}
}
