{
    "categories": [
    {
        "categoryName": "搞怪cos",
        "stickers": [
        {
            "name": "晕",
            "id": "1622",
            "previewImage": "/stickerGroup/img?id=1622"
        },
        {
            "name": "京剧花旦",
            "id": "1591",
            "previewImage": "/stickerGroup/img?id=1591"
        },
        {
            "name": "金刚",
            "id": "1456",
            "previewImage": "/stickerGroup/img?id=1456"
        },
        {
            "name": "财神",
            "id": "1582",
            "previewImage": "/stickerGroup/img?id=1582"
        },
        {
            "name": "钢铁侠",
            "id": "1590",
            "previewImage": "/stickerGroup/img?id=1590"
        },
        {
            "name": "皮卡丘",
            "id": "1587",
            "previewImage": "/stickerGroup/img?id=1587"
        },
        {
            "name": "清宫戏",
            "id": "1615",
            "previewImage": "/stickerGroup/img?id=1615"
        },
        {
            "name": "脸谱",
            "id": "1620",
            "previewImage": "/stickerGroup/img?id=1620"
        },
        {
            "name": "绅士礼服",
            "id": "1566",
            "previewImage": "/stickerGroup/img?id=1566"
        }]
    },
    {
        "categoryName": "场景",
        "stickers": [
        {
            "name": "星球",
            "id": "1578",
            "previewImage": "/stickerGroup/img?id=1578"
        },
        {
            "name": "潜水员",
            "id": "1621",
            "previewImage": "/stickerGroup/img?id=1621"
        },
        {
            "name": "圣诞07",
            "id": "1547",
            "previewImage": "/stickerGroup/img?id=1547"
        },
        {
            "name": "夏日丛林",
            "id": "1619",
            "previewImage": "/stickerGroup/img?id=1619"
        },
        {
            "name": "厨师",
            "id": "1623",
            "previewImage": "/stickerGroup/img?id=1623"
        }]
    },
    {
        "categoryName": "萌宠",
        "stickers": [
        {
            "name": "白狐狸",
            "id": "1602",
            "previewImage": "/stickerGroup/img?id=1602"
        },
        {
            "name": "丛林小鹿",
            "id": "1601",
            "previewImage": "/stickerGroup/img?id=1601"
        },
        {
            "name": "小羊",
            "id": "1577",
            "previewImage": "/stickerGroup/img?id=1577"
        },
        {
            "name": "小狐狸",
            "id": "1576",
            "previewImage": "/stickerGroup/img?id=1576"
        },
        {
            "name": "兔子",
            "id": "1501",
            "previewImage": "/stickerGroup/img?id=1501"
        },
        {
            "name": "闪光兔耳",
            "id": "1477",
            "previewImage": "/stickerGroup/img?id=1477"
        },
        {
            "name": "羊驼",
            "id": "1510",
            "previewImage": "/stickerGroup/img?id=1510"
        },
        {
            "name": "黑色猫",
            "id": "1503",
            "previewImage": "/stickerGroup/img?id=1503"
        },
        {
            "name": "荧光猫耳",
            "id": "1455",
            "previewImage": "/stickerGroup/img?id=1455"
        }]
    },
    {
        "categoryName": "轻装眼镜",
        "stickers": [
            {
                "name": "百变陪侍",
                "id": "1600",
                "previewImage": "/stickerGroup/img?id=1600"
            },
            {
                "name": "superstar",
                "id": "1612",
                "previewImage": "/stickerGroup/img?id=1612"
            },
            {
                "name": "圣诞02",
                "id": "1542",
                "previewImage": "/stickerGroup/img?id=1542"
            },
            {
                "name": "比心眼镜",
                "id": "1598",
                "previewImage": "/stickerGroup/img?id=1598"
            },
            {
                "name": "小黑猫眼镜",
                "id": "1613",
                "previewImage": "/stickerGroup/img?id=1613"
            },
            {
                "name": "热血足球",
                "id": "1599",
                "previewImage": "/stickerGroup/img?id=1599"
            },
            {
                "name": "水果腮红",
                "id": "1564",
                "previewImage": "/stickerGroup/img?id=1564"
            },
            {
                "name": "大佬",
                "id": "1567",
                "previewImage": "/stickerGroup/img?id=1567"
            },
            {
                "name": "yanjing2",
                "id": "1560",
                "previewImage": "/stickerGroup/img?id=1560"
            }]
    }]
}
